,cluster_id,annot_label,annot_label_with_cluster,annot_path,annot_level,annot_status,annot_stop_reason,annot_confidence,annot_score,annot_raw_score,annot_branch_supported_raw_score,annot_margin,annot_best_any_level_label,annot_best_any_level_score,annot_low_evidence,annot_low_absolute_support,annot_deeper_level_unresolved,annot_branch_conflict,annot_decision_label,annot_decision_path,annot_decision_level,annot_decision_score,annot_decision_raw_score,annot_decision_branch_supported_raw_score,annot_backoff_applied,annot_backoff_steps,annot_backoff_reason,annot_best_any_level_raw_score,annot_primary_compartment,annot_secondary_compartment,annot_primary_compartment_score,annot_secondary_compartment_score,annot_top_level_gap,annot_mixed_compartment,annot_parent_mixing,annot_mixed_primary,annot_mixed_secondary,annot_best_any_level_top_branch,annot_final_top_branch,annot_second_best_call,annot_second_best_call_score,annot_final_call_margin,annot_path_margin
0,15,Pericyte,Pericyte_15,Mural > Pericyte,2,assigned,leaf_reached,high,1.0345052696558394,0.9137478564515971,0.9137478564515971,0.457421943232451,Pericyte,1.215641389462203,False,False,False,False,Pericyte,Mural > Pericyte,2,1.0345052696558394,0.9137478564515971,0.9137478564515971,False,0,,0.9137478564515971,Mural,Fibroblast,0.8419337940079602,-0.8419337940079602,1.6838675880159204,False,False,,,Mural,Mural,Fibroblast,0.5770833264233884,0.457421943232451,
1,0,Fibroblast,Fibroblast_0,Fibroblast,1,assigned,leaf_reached,medium,0.05215757622365835,0.49671247439549693,0.49671247439549693,-0.08698930123355783,Treg,1.1082000964405108,False,False,False,True,Fibroblast,Fibroblast,1,0.05215757622365835,0.49671247439549693,0.49671247439549693,False,0,,0.014406529571916848,Endothelial,Immune,0.20209458276334386,-0.20209458276334386,0.4041891655266877,False,False,,,Immune,Fibroblast,Neutrophil,0.13914687745721618,-0.08698930123355783,
2,4,Pericyte,Pericyte_4,Mural > Pericyte,2,assigned,leaf_reached,high,1.1720970774498993,1.032381092982651,1.032381092982651,0.8994070325641274,Pericyte,1.3816710541507717,False,False,False,False,Pericyte,Mural > Pericyte,2,1.1720970774498993,1.032381092982651,1.032381092982651,False,0,,1.032381092982651,Mural,Endothelial,0.7647448605632676,-0.7647448605632676,1.5294897211265353,False,False,,,Mural,Mural,CD8 T cell,0.272690044885772,0.8994070325641274,
3,7,Neutrophil,Neutrophil_7,Immune > Neutrophil,2,assigned,leaf_reached,high,0.8455232069439116,0.15392603218863316,0.15392603218863316,-1.2210863970973855,Macrophage,2.385181779680751,False,False,False,False,Neutrophil,Immune > Neutrophil,2,0.8455232069439116,0.15392603218863316,0.15392603218863316,False,0,,1.8542281536149947,Immune,Fibroblast,0.8021894810336636,-0.7219705329302972,1.5241600139639608,False,False,,,Immune,Immune,Macrophage,2.066609604041297,-1.2210863970973855,
4,14,Fibroblast,Fibroblast_14,Fibroblast,1,assigned,leaf_reached,high,1.309604973957891,1.7800326638209951,1.7800326638209951,0.3375780770059672,Pericyte,1.140249813200303,False,False,False,False,Fibroblast,Fibroblast,1,1.309604973957891,1.7800326638209951,1.7800326638209951,False,0,,0.859878286119671,Fibroblast,Mural,0.6039634391632349,-0.6039634391632349,1.2079268783264698,False,False,,,Mural,Fibroblast,Pericyte,0.9720268969519238,0.3375780770059672,
5,8,Treg,Treg_8,Immune > T cell > Treg,3,assigned,leaf_reached,high,2.140403856288072,0.27338471848894563,0.27338471848894563,1.6741942273673893,Treg,4.940932562986761,False,False,False,False,Treg,Immune > T cell > Treg,3,2.140403856288072,0.27338471848894563,0.27338471848894563,False,0,,0.27338471848894563,Immune,Fibroblast,1.6067966488420122,-1.446116983957811,3.0529136327998234,False,False,,,Immune,Immune,Macrophage,0.46620962892068263,1.6741942273673893,
6,12,Capillary endothelial,Capillary_endothelial_12,Endothelial > Capillary endothelial,2,assigned,leaf_reached,high,0.8253727808909922,0.13947571742313347,0.13947571742313347,0.4791045770989453,Endothelial,6.606540099192877,False,False,False,False,Capillary endothelial,Endothelial > Capillary endothelial,2,0.8253727808909922,0.13947571742313347,0.13947571742313347,False,0,,1.1066889894216692,Endothelial,Mural,6.606540099192877,-6.606540099192877,13.213080198385754,False,False,,,Endothelial,Endothelial,Pericyte,0.3462682037920469,0.4791045770989453,
7,18,Pericyte,Pericyte_18,Mural > Pericyte,2,assigned,leaf_reached,high,0.8918559450985938,0.7907539708961128,0.7907539708961128,0.17751216890540034,CD4 T cell,1.6302531549417951,False,False,False,True,Pericyte,Mural > Pericyte,2,0.8918559450985938,0.7907539708961128,0.7907539708961128,False,0,,0.3418521157585235,Mural,Endothelial,0.2647182273200871,-0.2647182273200871,0.5294364546401742,False,False,,,Immune,Mural,CD4 T cell,0.7143437761931934,0.17751216890540034,
8,6,Pericyte,Pericyte_6,Mural > Pericyte,2,assigned,leaf_reached,high,1.0093589827783214,0.8920664391721367,0.8920664391721367,0.6298190110706691,CD8 T cell,1.3278100961394603,False,False,False,True,Pericyte,Mural > Pericyte,2,1.0093589827783214,0.8920664391721367,0.8920664391721367,False,0,,0.06420648578243224,Mural,Endothelial,0.8927860964791234,-0.8927860964791234,1.7855721929582469,False,False,,,Immune,Mural,CD8 T cell,0.3795399717076523,0.6298190110706691,
9,10,Unresolved,Unresolved_10,Unresolved,0,stopped_at_parent,below_absolute_support,none,,,,,Plasma cell,10.043411442505151,True,False,False,False,Unresolved,Unresolved,0,,,,False,0,,2.2000227006058815,Intestinal epithelial,Immune,0.33899548391147727,-0.30509593552032954,0.6440914194318068,False,False,,,Immune,Unresolved,Plasma cell,5.33737819736559,,
10,2,Stem/TA-like,Stem_TA_like_2,Intestinal epithelial > Stem/TA-like,2,assigned,leaf_reached,high,2.438123715900286,0.43093571879148806,0.43093571879148806,2.3992048810028432,Stem/TA-like,5.448905711563483,False,False,False,False,Stem/TA-like,Intestinal epithelial > Stem/TA-like,2,2.438123715900286,0.43093571879148806,0.43093571879148806,False,0,,0.43093571879148806,Intestinal epithelial,Endothelial,2.7293470491727474,-2.084228655731916,4.813575704904663,False,False,,,Intestinal epithelial,Intestinal epithelial,CD8 T cell,0.03891883489744288,2.3992048810028432,
11,19,Stem/TA-like,Stem_TA_like_19,Intestinal epithelial > Stem/TA-like,2,assigned,leaf_reached,high,1.2097809616875332,0.4559314025839548,0.4559314025839548,1.2179506268183131,Intestinal epithelial,3.4071115351291406,False,False,False,False,Stem/TA-like,Intestinal epithelial > Stem/TA-like,2,1.2097809616875332,0.4559314025839548,0.4559314025839548,False,0,,0.49136654626436516,Intestinal epithelial,Endothelial,3.4071115351291406,-2.2301093684481645,5.637220903577305,False,False,,,Intestinal epithelial,Intestinal epithelial,CD8 T cell,-0.008169665130779895,1.2179506268183131,
12,3,Stem/TA-like,Stem_TA_like_3,Intestinal epithelial > Stem/TA-like,2,assigned,leaf_reached,high,0.9522429673485128,0.3351936130471889,0.3351936130471889,0.9490338337598789,Intestinal epithelial,3.0632976776319154,False,False,False,False,Stem/TA-like,Intestinal epithelial > Stem/TA-like,2,0.9522429673485128,0.3351936130471889,0.3351936130471889,False,0,,0.5247632172656167,Intestinal epithelial,Endothelial,3.0632976776319154,-2.3392454992825535,5.4025431769144685,False,False,,,Intestinal epithelial,Intestinal epithelial,CD8 T cell,0.0032091335886338546,0.9490338337598789,
13,16,Fibroblast,Fibroblast_16,Fibroblast,1,assigned,leaf_reached,high,1.9174137797073898,2.10597962898756,2.10597962898756,1.5885824616420225,Fibroblast,1.6345650057871346,False,False,False,False,Fibroblast,Fibroblast,1,1.9174137797073898,2.10597962898756,2.10597962898756,False,0,,2.10597962898756,Fibroblast,Mural,1.6345650057871346,-1.6345650057871346,3.269130011574269,False,False,,,Fibroblast,Fibroblast,Monocyte,0.32883131806536725,1.5885824616420225,
14,22,Mast cell,Mast_cell_22,Immune > Mast cell,2,assigned,leaf_reached,high,11.042386667554489,2.621824818191809,2.621824818191809,10.004824987619916,Mast cell,23.673229441598508,False,False,False,False,Mast cell,Immune > Mast cell,2,11.042386667554489,2.621824818191809,2.621824818191809,False,0,,2.621824818191809,Immune,Fibroblast,0.7020124876501893,-0.6781659147653668,1.3801784024155561,False,False,,,Immune,Immune,Plasma cell,1.0375616799345737,10.004824987619916,
15,13,Absorptive-like,Absorptive_like_13,Intestinal epithelial > Absorptive-like,2,assigned,leaf_reached,high,1.2908291919027144,0.13410724526100704,0.13410724526100704,1.2709330406215282,Absorptive-like,3.025912111865275,False,False,False,False,Absorptive-like,Intestinal epithelial > Absorptive-like,2,1.2908291919027144,0.13410724526100704,0.13410724526100704,False,0,,0.13410724526100704,Intestinal epithelial,Endothelial,2.8278986899905565,-2.286103878320074,5.11400256831063,False,False,,,Intestinal epithelial,Intestinal epithelial,CD8 T cell,0.01989615128118623,1.2709330406215282,
16,1,Fibroblast,Fibroblast_1,Fibroblast,1,assigned,leaf_reached,high,2.2018140509212745,2.4592083105967593,2.4592083105967593,1.918623225770114,Fibroblast,1.8157226614080473,False,False,False,False,Fibroblast,Fibroblast,1,2.2018140509212745,2.4592083105967593,2.4592083105967593,False,0,,2.4592083105967593,Fibroblast,Mural,1.8157226614080473,-1.8157226614080473,3.6314453228160946,False,False,,,Fibroblast,Fibroblast,Pericyte,0.28319082515116056,1.918623225770114,
17,17,Unresolved,Unresolved_17,Unresolved,0,stopped_at_parent,below_absolute_support,none,,,,,Absorptive-like,4.9210909879973865,True,False,False,False,Unresolved,Unresolved,0,,,,False,0,,0.09853660771255554,Endothelial,Immune,1.4104706654718955,-1.4104706654718955,2.820941330943791,False,False,,,Intestinal epithelial,Unresolved,Absorptive-like,1.9987524134358967,,
18,21,Plasma cell,Plasma_cell_21,Immune > B cell > Plasma cell,3,assigned,leaf_reached,high,5.6131044837766115,2.3151134176027437,2.3151134176027437,5.129164632045753,Plasma cell,10.560091083037413,False,False,False,False,Plasma cell,Immune > B cell > Plasma cell,3,5.6131044837766115,2.3151134176027437,2.3151134176027437,False,0,,2.3151134176027437,Immune,Endothelial,0.09032303684324006,-0.0702512508780756,0.16057428772131566,False,False,,,Immune,Immune,Fibroblast,0.4839398517308587,5.129164632045753,
19,9,Fibroblast,Fibroblast_9,Fibroblast,1,assigned,leaf_reached,high,0.5847886083353384,0.9003777579724429,0.9003777579724429,0.4141885863869882,Treg,1.1189090276559095,False,False,False,True,Fibroblast,Fibroblast,1,0.5847886083353384,0.9003777579724429,0.9003777579724429,False,0,,0.025255618597821033,Fibroblast,Mural,0.11140488387968171,-0.11140488387968171,0.22280976775936343,False,False,,,Immune,Fibroblast,Capillary endothelial,0.17060002194835025,0.4141885863869882,
20,11,Absorptive-like,Absorptive_like_11,Intestinal epithelial > Absorptive-like,2,assigned,leaf_reached,high,3.528086214069723,0.6812846559343506,0.6812846559343506,1.171031019199975,Absorptive-like,7.7982885512727815,False,False,False,False,Absorptive-like,Intestinal epithelial > Absorptive-like,2,3.528086214069723,0.6812846559343506,0.6812846559343506,False,0,,0.6812846559343506,Intestinal epithelial,Endothelial,6.822113094589189,-4.775479166212432,11.59759226080162,False,False,,,Intestinal epithelial,Intestinal epithelial,Capillary endothelial,2.357055194869748,1.171031019199975,
21,5,Goblet-like,Goblet_like_5,Intestinal epithelial > Goblet-like,2,assigned,leaf_reached,high,6.206615325205516,1.5152591613065496,1.5152591613065496,6.173295646482478,Goblet-like,13.243649571053965,False,False,False,False,Goblet-like,Intestinal epithelial > Goblet-like,2,6.206615325205516,1.5152591613065496,1.5152591613065496,False,0,,1.5152591613065496,Intestinal epithelial,Endothelial,3.6076042551788436,-2.5253229786251903,6.132927233804034,False,False,,,Intestinal epithelial,Intestinal epithelial,Plasma cell,0.03331967872303845,6.173295646482478,
22,20,Neutrophil,Neutrophil_20,Immune > Neutrophil,2,assigned,leaf_reached,high,8.250238161575572,0.5986722719731244,0.5986722719731244,5.520201533280316,Neutrophil,19.727586995979244,False,False,False,False,Neutrophil,Immune > Neutrophil,2,8.250238161575572,0.5986722719731244,0.5986722719731244,False,0,,0.5986722719731244,Immune,Endothelial,0.33547288065677683,-0.33547288065677683,0.6709457613135537,False,False,,,Immune,Immune,Monocyte,2.730036628295256,5.520201533280316,
