Feature	Comparison	Estimate	P	FDR	sig_level
VEGF Receptor 2	No vs Yes	0.143757616918182	0.688250288414663	0.995681809340043	NS or Estimate < 0.25
LAMP1	No vs Yes	0.216668159435536	0.608928234209872	0.995681809340043	NS or Estimate < 0.25
CD86	No vs Yes	0.122609578932973	0.651115394091781	0.995681809340043	NS or Estimate < 0.25
IL-15RA	No vs Yes	0.512689210171042	0.16244660598531	0.995681809340043	NS or Estimate < 0.25
ISG15	No vs Yes	-0.0332969448774763	0.955742123769041	0.995681809340043	NS or Estimate < 0.25
Neutrophil Elastase	No vs Yes	0.234742250734738	0.303048901135163	0.995681809340043	NS or Estimate < 0.25
IKKi/IKKe	No vs Yes	0.461460375926366	0.423166937858137	0.995681809340043	NS or Estimate < 0.25
KIR2DL1 + KIR2DL2	No vs Yes	0.105126106488127	0.666450052852221	0.995681809340043	NS or Estimate < 0.25
Ras	No vs Yes	0.2999145720552	0.32648860095073	0.995681809340043	NS or Estimate < 0.25
Insulin	No vs Yes	0.220456183443954	0.386696114562669	0.995681809340043	NS or Estimate < 0.25
CXCR3	No vs Yes	0.450617280383696	0.116716787756199	0.995681809340043	NS or Estimate < 0.25
c-Fos	No vs Yes	0.326120568276281	0.133392256734834	0.995681809340043	NS or Estimate < 0.25
Cathepsin S	No vs Yes	0.983611325466066	0.134454167269425	0.995681809340043	NS or Estimate < 0.25
Collagen IV	No vs Yes	0.156475342296511	0.527501185454823	0.995681809340043	NS or Estimate < 0.25
LILRB3	No vs Yes	0.248763368445948	0.374165949379955	0.995681809340043	NS or Estimate < 0.25
2B4	No vs Yes	0.23356750585992	0.300154027051054	0.995681809340043	NS or Estimate < 0.25
FGFR2	No vs Yes	0.139873866620052	0.565322300533011	0.995681809340043	NS or Estimate < 0.25
Histone H3 (acetyl K27)	No vs Yes	0.597083911568586	0.11056061387615	0.995681809340043	NS or Estimate < 0.25
HLA-DPB1	No vs Yes	0.885377765051359	0.14610525963452	0.995681809340043	NS or Estimate < 0.25
beta glucuronidase (GUSB)	No vs Yes	0.509234901070202	0.627426575926337	0.995681809340043	NS or Estimate < 0.25
KIR3DL1 + KIR3DS1	No vs Yes	0.214526451903553	0.416167940972571	0.995681809340043	NS or Estimate < 0.25
HDAC4 + 5 + 9	No vs Yes	0.309987418033106	0.515377066924675	0.995681809340043	NS or Estimate < 0.25
Macrophage Inflammatory Protein 1 alpha / CCL3	No vs Yes	0.164210780625554	0.473247809283519	0.995681809340043	NS or Estimate < 0.25
Histone H3 (tri methyl K36)	No vs Yes	0.35693726970217	0.222139164214146	0.995681809340043	NS or Estimate < 0.25
ST2	No vs Yes	0.234785969110309	0.223244606208961	0.995681809340043	NS or Estimate < 0.25
CD64	No vs Yes	0.253844686450724	0.461657699377925	0.995681809340043	NS or Estimate < 0.25
Hsp27 (phospho S78)	No vs Yes	-0.34696741382127	0.586735487980593	0.995681809340043	NS or Estimate < 0.25
Histone H3 (di methyl K79)	No vs Yes	0.852545316757209	0.0410306911462445	0.995681809340043	P < 0.05
Histone H2A.X	No vs Yes	0.691797461391621	0.198210154080475	0.995681809340043	NS or Estimate < 0.25
CCR3	No vs Yes	0.187861996505901	0.430482493050869	0.995681809340043	NS or Estimate < 0.25
IL3RA/CD123	No vs Yes	0.196752396228665	0.519395348826655	0.995681809340043	NS or Estimate < 0.25
Granzyme K	No vs Yes	0.077476584659029	0.697559368542335	0.995681809340043	NS or Estimate < 0.25
CCL18	No vs Yes	0.298888356026774	0.194814180233009	0.995681809340043	NS or Estimate < 0.25
NKG2D	No vs Yes	0.248404360952842	0.242252448047935	0.995681809340043	NS or Estimate < 0.25
c-Jun	No vs Yes	-0.0353530598310926	0.929513247483991	0.995681809340043	NS or Estimate < 0.25
IMP3	No vs Yes	0.256048838158335	0.266076963295345	0.995681809340043	NS or Estimate < 0.25
E Cadherin	No vs Yes	0.383323367475275	0.703625759136686	0.995681809340043	NS or Estimate < 0.25
IL-6R	No vs Yes	0.243695084523117	0.265886231402334	0.995681809340043	NS or Estimate < 0.25
LYVE1	No vs Yes	0.374617475095885	0.180905401464761	0.995681809340043	NS or Estimate < 0.25
CD70	No vs Yes	0.107891914334256	0.630147437151106	0.995681809340043	NS or Estimate < 0.25
IL-1RA	No vs Yes	0.15825842291793	0.463826193838062	0.995681809340043	NS or Estimate < 0.25
Histone H2B (acetyl K5)	No vs Yes	0.540034994943496	0.0997562390615436	0.995681809340043	NS or Estimate < 0.25
Hsp70	No vs Yes	0.0468644894291084	0.895764257612622	0.995681809340043	NS or Estimate < 0.25
Macrophage Inflammatory Protein 3 alpha	No vs Yes	0.200253259050532	0.401981575043794	0.995681809340043	NS or Estimate < 0.25
Prostate Specific Antigen	No vs Yes	0.157729935770174	0.494905579427287	0.995681809340043	NS or Estimate < 0.25
IL-12RB1	No vs Yes	0.230215194866158	0.54761314248382	0.995681809340043	NS or Estimate < 0.25
IL-22RA1	No vs Yes	0.160435526567173	0.517344022987658	0.995681809340043	NS or Estimate < 0.25
IL4	No vs Yes	-0.061089181039188	0.899979131132938	0.995681809340043	NS or Estimate < 0.25
CD40 Ligand	No vs Yes	0.207182548750781	0.297651908830585	0.995681809340043	NS or Estimate < 0.25
Histone H2A (acetyl K5)	No vs Yes	0.875016754966534	0.0753846771886636	0.995681809340043	NS or Estimate < 0.25
Cytokeratin 1	No vs Yes	0.320243390792643	0.141117919264715	0.995681809340043	NS or Estimate < 0.25
TBR2 / Eomes	No vs Yes	0.226270142832792	0.355556057583787	0.995681809340043	NS or Estimate < 0.25
CXCR4	No vs Yes	0.221109296545835	0.423663455818153	0.995681809340043	NS or Estimate < 0.25
Insulin Receptor alpha	No vs Yes	0.43565123676389	0.199056004274921	0.995681809340043	NS or Estimate < 0.25
Ikaros	No vs Yes	0.485914990046059	0.486835545061443	0.995681809340043	NS or Estimate < 0.25
GLB1/Beta-galactosidase	No vs Yes	0.272771390005252	0.731568602688613	0.995681809340043	NS or Estimate < 0.25
SCF	No vs Yes	0.135506330672412	0.657033916674708	0.995681809340043	NS or Estimate < 0.25
Granzyme A	No vs Yes	0.26204606948778	0.283243548159886	0.995681809340043	NS or Estimate < 0.25
ErbB4 / HER4+ErbB2 / HER2	No vs Yes	0.393452038545563	0.195485452134317	0.995681809340043	NS or Estimate < 0.25
Indoleamine 2_3-dioxygenase	No vs Yes	0.498516294541578	0.312662059420519	0.995681809340043	NS or Estimate < 0.25
CD33	No vs Yes	0.332217080446517	0.279024304004625	0.995681809340043	NS or Estimate < 0.25
IL-1 beta	No vs Yes	0.224105453021421	0.649477936478751	0.995681809340043	NS or Estimate < 0.25
IFIT1	No vs Yes	-0.122156309265663	0.878575996861493	0.995681809340043	NS or Estimate < 0.25
ErbB4 / HER4 (phospho Y1162)	No vs Yes	0.264113462805718	0.34617794697701	0.995681809340043	NS or Estimate < 0.25
Galectin 3	No vs Yes	0.643081766438582	0.461221876234315	0.995681809340043	NS or Estimate < 0.25
pan Cytokeratin	No vs Yes	0.0688724837405514	0.848975716602909	0.995681809340043	NS or Estimate < 0.25
KDM3A / JHDM2A	No vs Yes	0.139671571505237	0.485669954611167	0.995681809340043	NS or Estimate < 0.25
CXCR6	No vs Yes	0.207277594756608	0.423736463787634	0.995681809340043	NS or Estimate < 0.25
CD47	No vs Yes	0.386084852606101	0.270017109685061	0.995681809340043	NS or Estimate < 0.25
HDAC3	No vs Yes	0.268847011240565	0.351067078178352	0.995681809340043	NS or Estimate < 0.25
IL-5RA	No vs Yes	0.32485017034813	0.168227303091967	0.995681809340043	NS or Estimate < 0.25
IGF1 Receptor	No vs Yes	0.283950879970063	0.325850964023954	0.995681809340043	NS or Estimate < 0.25
CD127	No vs Yes	0.220186473433326	0.429127142657656	0.995681809340043	NS or Estimate < 0.25
p57 Kip2	No vs Yes	0.300933338381045	0.419827995307692	0.995681809340043	NS or Estimate < 0.25
IL-1 alpha	No vs Yes	1.11814428972961	0.145743301795127	0.995681809340043	NS or Estimate < 0.25
HLA-C	No vs Yes	-0.0293498207505313	0.97952805280408	0.995681809340043	NS or Estimate < 0.25
CD74	No vs Yes	0.554904123042726	0.468882001967227	0.995681809340043	NS or Estimate < 0.25
CD16	No vs Yes	1.07669814690949	0.168965864783124	0.995681809340043	NS or Estimate < 0.25
IL22 RA2/IL-22BP	No vs Yes	0.28736475876741	0.14873982740028	0.995681809340043	NS or Estimate < 0.25
GLP-1R	No vs Yes	0.0727825053228433	0.808059770032902	0.995681809340043	NS or Estimate < 0.25
CXCL5 + CXCL6	No vs Yes	0.363344428820141	0.218682125913599	0.995681809340043	NS or Estimate < 0.25
HLA E	No vs Yes	0.661452964433567	0.238481197292412	0.995681809340043	NS or Estimate < 0.25
Caspase-3	No vs Yes	0.244707245122513	0.480373231721083	0.995681809340043	NS or Estimate < 0.25
Cyclin B1	No vs Yes	-0.0801693080395725	0.753088451742322	0.995681809340043	NS or Estimate < 0.25
Glutaminase	No vs Yes	0.669616403431004	0.348840792551715	0.995681809340043	NS or Estimate < 0.25
EpCAM	No vs Yes	-0.798802495027969	0.347986918998488	0.995681809340043	NS or Estimate < 0.25
PD-L1	No vs Yes	-0.0258841916190981	0.920422858157605	0.995681809340043	NS or Estimate < 0.25
CCR7	No vs Yes	0.0552910181054585	0.864371530408812	0.995681809340043	NS or Estimate < 0.25
CD276	No vs Yes	-0.222821169435884	0.818946423352921	0.995681809340043	NS or Estimate < 0.25
Bim	No vs Yes	0.0425116634689109	0.871675042318131	0.995681809340043	NS or Estimate < 0.25
GATA3	No vs Yes	0.0375140253462435	0.910749925023174	0.995681809340043	NS or Estimate < 0.25
CD3D	No vs Yes	0.250713363961096	0.693585522714501	0.995681809340043	NS or Estimate < 0.25
CD15	No vs Yes	-0.514600394877773	0.29699312511161	0.995681809340043	NS or Estimate < 0.25
CD44v6	No vs Yes	0.138060972321995	0.69703838235242	0.995681809340043	NS or Estimate < 0.25
FANCI	No vs Yes	0.147267918450755	0.601067446320282	0.995681809340043	NS or Estimate < 0.25
AKT1 (phospho T450)	No vs Yes	0.0330203161387364	0.918178954795685	0.995681809340043	NS or Estimate < 0.25
Aldolase B+Aldolase C	No vs Yes	0.110262322731699	0.652818178274598	0.995681809340043	NS or Estimate < 0.25
Fas	No vs Yes	-0.00465515077430891	0.981297175565638	0.995681809340043	NS or Estimate < 0.25
Collagen I	No vs Yes	-0.382039050042132	0.774141396023178	0.995681809340043	NS or Estimate < 0.25
CD68	No vs Yes	0.801108211617142	2.39539424930322e-05	0.00463109554865289	FDR < 0.05
CD45RA	No vs Yes	0.0124681272888132	0.972794043584125	0.995681809340043	NS or Estimate < 0.25
CD66b	No vs Yes	0.231839999438047	0.536021013564103	0.995681809340043	NS or Estimate < 0.25
ENO1 + ENO2 + ENO3	No vs Yes	-0.127103444253995	0.625064672936751	0.995681809340043	NS or Estimate < 0.25
Carbonic Anhydrase 3/CA3	No vs Yes	0.100997276676263	0.75474014202958	0.995681809340043	NS or Estimate < 0.25
CD4	No vs Yes	0.265828469776862	0.495755257570867	0.995681809340043	NS or Estimate < 0.25
C Reactive Protein	No vs Yes	-0.153393516925933	0.539374333330035	0.995681809340043	NS or Estimate < 0.25
Tissue Factor	No vs Yes	0.0236626716906559	0.932089914050396	0.995681809340043	NS or Estimate < 0.25
Bcl-2	No vs Yes	-0.0196470241111966	0.968302333889942	0.995681809340043	NS or Estimate < 0.25
CD3G	No vs Yes	-0.126845644016989	0.82384736621885	0.995681809340043	NS or Estimate < 0.25
FGF2	No vs Yes	-0.0316361213925756	0.897308305413669	0.995681809340043	NS or Estimate < 0.25
Fibronectin	No vs Yes	-0.580321127180418	0.719386262933341	0.995681809340043	NS or Estimate < 0.25
Survivin	No vs Yes	-0.00300754432202713	0.987747824874536	0.995681809340043	NS or Estimate < 0.25
CDKN2A/p16INK4a	No vs Yes	-0.174052791427835	0.50709951931299	0.995681809340043	NS or Estimate < 0.25
FABP4	No vs Yes	-0.208008134976402	0.705594891184227	0.995681809340043	NS or Estimate < 0.25
CD27	No vs Yes	0.204669666752228	0.660065182896176	0.995681809340043	NS or Estimate < 0.25
CXCL10/IP-10	No vs Yes	0.0400276200696261	0.879768387942224	0.995681809340043	NS or Estimate < 0.25
EGFR (phospho Y1068)	No vs Yes	-0.124006524617687	0.876480573601008	0.995681809340043	NS or Estimate < 0.25
Histone H3 (phospho S28)	No vs Yes	0.289436929290509	0.686428228647003	0.995681809340043	NS or Estimate < 0.25
Actin	No vs Yes	-0.17134861454246	0.641234642053329	0.995681809340043	NS or Estimate < 0.25
CDK1 + CDK2 + CDK3 + CDK5 (phospho Y15)	No vs Yes	-0.228991592444137	0.306079318391663	0.995681809340043	NS or Estimate < 0.25
Carbonic Anhydrase 9/CA9	No vs Yes	-0.31185461375523	0.465514308448421	0.995681809340043	NS or Estimate < 0.25
FOXP3	No vs Yes	-0.0591756186365737	0.766290273838989	0.995681809340043	NS or Estimate < 0.25
GSK3 beta	No vs Yes	0.386516268152569	0.220502283248202	0.995681809340043	NS or Estimate < 0.25
HLA B7	No vs Yes	-0.309403230370784	0.553036806911352	0.995681809340043	NS or Estimate < 0.25
beta Catenin	No vs Yes	0.160050132248458	0.845748072431938	0.995681809340043	NS or Estimate < 0.25
Bad	No vs Yes	0.264697738981176	0.406064063673303	0.995681809340043	NS or Estimate < 0.25
KMT6 / EZH2	No vs Yes	0.159468962780566	0.668980649270988	0.995681809340043	NS or Estimate < 0.25
BRAF	No vs Yes	0.210254459983738	0.537116119370857	0.995681809340043	NS or Estimate < 0.25
CDKN2A/p14ARF	No vs Yes	-0.119962195220877	0.607236942609768	0.995681809340043	NS or Estimate < 0.25
CD34	No vs Yes	0.283516992297514	0.465362911981179	0.995681809340043	NS or Estimate < 0.25
ASS1	No vs Yes	0.143956950812565	0.635389919288469	0.995681809340043	NS or Estimate < 0.25
C4a	No vs Yes	-0.197695844325979	0.762530424502877	0.995681809340043	NS or Estimate < 0.25
N Cadherin	No vs Yes	0.218479845252512	0.386431787992942	0.995681809340043	NS or Estimate < 0.25
CDK1 + Cdk2 + Cdk3 (phospho T14)	No vs Yes	0.00275234911052075	0.990341221345272	0.995681809340043	NS or Estimate < 0.25
ErbB2 / HER2	No vs Yes	0.101436757200778	0.943582496404404	0.995681809340043	NS or Estimate < 0.25
Bcl-XL	No vs Yes	0.547063059557936	0.0923177502200141	0.995681809340043	NS or Estimate < 0.25
Cathepsin K	No vs Yes	0.0495240968779763	0.869361566784232	0.995681809340043	NS or Estimate < 0.25
CD39	No vs Yes	0.486275245262921	0.131886522921059	0.995681809340043	NS or Estimate < 0.25
CDK1 (phospho T161) + CDK2 / CDK3 (phospho T160)	No vs Yes	0.366519032949414	0.620191532423606	0.995681809340043	NS or Estimate < 0.25
CD36	No vs Yes	-0.0267330444158186	0.937836293796681	0.995681809340043	NS or Estimate < 0.25
CD99	No vs Yes	0.238814360913336	0.339099002014218	0.995681809340043	NS or Estimate < 0.25
Liver Arginase	No vs Yes	0.186546413856067	0.32630691169356	0.995681809340043	NS or Estimate < 0.25
CD38	No vs Yes	1.05180893935848	0.202341613925523	0.995681809340043	NS or Estimate < 0.25
CD8 alpha	No vs Yes	0.0386380664211784	0.929178860557728	0.995681809340043	NS or Estimate < 0.25
AKR1B10	No vs Yes	-0.113849692003514	0.68475862683121	0.995681809340043	NS or Estimate < 0.25
Chk2	No vs Yes	0.195469202310509	0.730212338799819	0.995681809340043	NS or Estimate < 0.25
CD18	No vs Yes	-0.0438645983605123	0.810858107260369	0.995681809340043	NS or Estimate < 0.25
CD163	No vs Yes	0.077409872306174	0.780958970873641	0.995681809340043	NS or Estimate < 0.25
beta 2 Microglobulin	No vs Yes	0.511240639112569	0.685791070708057	0.995681809340043	NS or Estimate < 0.25
CTLA4	No vs Yes	-0.0992331338348316	0.653792436981756	0.995681809340043	NS or Estimate < 0.25
TLR7	No vs Yes	0.406380243496006	4.3560550744315e-06	0.00126325597158513	FDR < 0.05
PDGFR alpha + PDGFR beta	No vs Yes	0.121894389156939	0.827776873297393	0.995681809340043	NS or Estimate < 0.25
SIRT3	No vs Yes	0.208727703066791	0.473169930649574	0.995681809340043	NS or Estimate < 0.25
SQSTM1 / p62	No vs Yes	0.239101778528457	0.80486234624914	0.995681809340043	NS or Estimate < 0.25
c-Myc (phospho S62)	No vs Yes	0.0636820614191464	0.812288232470805	0.995681809340043	NS or Estimate < 0.25
MUC1	No vs Yes	-0.0671958340393303	0.935779044966367	0.995681809340043	NS or Estimate < 0.25
AMPK alpha 1	No vs Yes	0.175390690381125	0.510304358371017	0.995681809340043	NS or Estimate < 0.25
S100 beta	No vs Yes	0.191865185490556	0.755170860975609	0.995681809340043	NS or Estimate < 0.25
Smad2 (phospho S255)	No vs Yes	0.0754403539689876	0.842431899215958	0.995681809340043	NS or Estimate < 0.25
SIRT2	No vs Yes	0.0169175451747052	0.951574965253846	0.995681809340043	NS or Estimate < 0.25
MSH2	No vs Yes	0.0890811812243345	0.826818907975092	0.995681809340043	NS or Estimate < 0.25
MICA + MICB	No vs Yes	-0.0125166702794185	0.926843713564289	0.995681809340043	NS or Estimate < 0.25
Mucin 5AC	No vs Yes	0.00237111874155213	0.989668877784949	0.995681809340043	NS or Estimate < 0.25
STAT6	No vs Yes	0.462521033971672	0.339691063918402	0.995681809340043	NS or Estimate < 0.25
TEF1/TEAD-1	No vs Yes	0.0842164158428455	0.7328830421957	0.995681809340043	NS or Estimate < 0.25
Occludin	No vs Yes	0.13830829819856	0.473789477871025	0.995681809340043	NS or Estimate < 0.25
Wnt3a	No vs Yes	0.108843626770209	0.473501783429668	0.995681809340043	NS or Estimate < 0.25
Nectin 2	No vs Yes	0.155561755199219	0.609573347935989	0.995681809340043	NS or Estimate < 0.25
STING	No vs Yes	0.387552743896863	0.557511461901877	0.995681809340043	NS or Estimate < 0.25
STAT5a	No vs Yes	0.201654489250103	0.824711088249088	0.995681809340043	NS or Estimate < 0.25
Wilms Tumor Protein	No vs Yes	0.0850891538750897	0.599427536260607	0.995681809340043	NS or Estimate < 0.25
Topoisomerase I	No vs Yes	0.373382231469204	0.268036365754085	0.995681809340043	NS or Estimate < 0.25
SOX9	No vs Yes	0.282768595098121	0.503690909240442	0.995681809340043	NS or Estimate < 0.25
TGF beta 1	No vs Yes	-0.00937747602406938	0.960108714276681	0.995681809340043	NS or Estimate < 0.25
Rad51	No vs Yes	0.226740322426397	0.38299402844796	0.995681809340043	NS or Estimate < 0.25
RSK1 p90	No vs Yes	0.105474222828994	0.678295751839348	0.995681809340043	NS or Estimate < 0.25
TMPRSS2	No vs Yes	0.00719941175543408	0.972600435480842	0.995681809340043	NS or Estimate < 0.25
CD45	No vs Yes	0.0886662646704716	0.831450302017412	0.995681809340043	NS or Estimate < 0.25
c-Myb (phospho S11)	No vs Yes	0.108959823134429	0.810430724308603	0.995681809340043	NS or Estimate < 0.25
RUNX1 / AML1 + RUNX3 + RUNX2	No vs Yes	-0.0222180443243908	0.972915338195011	0.995681809340043	NS or Estimate < 0.25
RPS6 (phospho S240 + S244)	No vs Yes	0.348383227452781	0.544671853971736	0.995681809340043	NS or Estimate < 0.25
Ubiquitin	No vs Yes	0.0539825542012924	0.872568859322806	0.995681809340043	NS or Estimate < 0.25
STAT1	No vs Yes	0.39847956356235	0.726531520937417	0.995681809340043	NS or Estimate < 0.25
Raptor	No vs Yes	0.275247836678645	0.280381608714921	0.995681809340043	NS or Estimate < 0.25
DR5	No vs Yes	-0.0572867743079333	0.85704396184327	0.995681809340043	NS or Estimate < 0.25
MLH1	No vs Yes	0.395215616843266	0.199323377548943	0.995681809340043	NS or Estimate < 0.25
Nanog	No vs Yes	0.180051138486781	0.398314885710163	0.995681809340043	NS or Estimate < 0.25
Rho A + B + C	No vs Yes	0.34267310327797	0.224416976978788	0.995681809340043	NS or Estimate < 0.25
CD31	No vs Yes	0.487000642544647	0.124621735984204	0.995681809340043	NS or Estimate < 0.25
ROCK1	No vs Yes	0.0509340454398792	0.90991490252259	0.995681809340043	NS or Estimate < 0.25
PDGFR alpha	No vs Yes	-0.0407515367198689	0.933947050242706	0.995681809340043	NS or Estimate < 0.25
PAK1+PAK2+PAK3 (phospho S141 + S144 + S154)	No vs Yes	0.249682046599843	0.651276745055166	0.995681809340043	NS or Estimate < 0.25
PI 3 Kinase catalytic subunit alpha/PIK3CA	No vs Yes	0.614317365077977	0.14656521139894	0.995681809340043	NS or Estimate < 0.25
p63	No vs Yes	-0.368728618334573	0.268201438269114	0.995681809340043	NS or Estimate < 0.25
mTOR	No vs Yes	0.0327796289282734	0.903432673028281	0.995681809340043	NS or Estimate < 0.25
Notch1	No vs Yes	0.0509573661240362	0.844837508014258	0.995681809340043	NS or Estimate < 0.25
beta Tubulin	No vs Yes	0.0597742917298563	0.917857562865462	0.995681809340043	NS or Estimate < 0.25
PI 3 Kinase p85 beta	No vs Yes	0.176260886346527	0.435818202178463	0.995681809340043	NS or Estimate < 0.25
Osteopontin	No vs Yes	-0.358884295020898	0.441657730152736	0.995681809340043	NS or Estimate < 0.25
p53 (acetyl K373)	No vs Yes	0.583724888901807	0.0982719989095098	0.995681809340043	NS or Estimate < 0.25
PTEN	No vs Yes	0.152713289823615	0.632349574408759	0.995681809340043	NS or Estimate < 0.25
Ret	No vs Yes	0.040836761205426	0.849406703565389	0.995681809340043	NS or Estimate < 0.25
Rb	No vs Yes	0.0962062595168836	0.656100724397871	0.995681809340043	NS or Estimate < 0.25
NRF1	No vs Yes	0.449502908305399	0.587402925566682	0.995681809340043	NS or Estimate < 0.25
Syndecan-1	No vs Yes	1.52517666795677	0.101784680169234	0.995681809340043	NS or Estimate < 0.25
CD20	No vs Yes	0.267529698310937	0.860910008535286	0.995681809340043	NS or Estimate < 0.25
p53 (phospho S46)	No vs Yes	0.213866278206576	0.479767643842551	0.995681809340043	NS or Estimate < 0.25
Rho	No vs Yes	-0.168401761497747	0.644807318496857	0.995681809340043	NS or Estimate < 0.25
MMP3	No vs Yes	0.270495023141034	0.373407834527891	0.995681809340043	NS or Estimate < 0.25
SOD2/MnSOD (acetyl K68)	No vs Yes	0.204846046142154	0.715341066950759	0.995681809340043	NS or Estimate < 0.25
Musashi 1 / Msi1	No vs Yes	0.117042449212788	0.41601694609068	0.995681809340043	NS or Estimate < 0.25
Myeloperoxidase	No vs Yes	0.25836781081362	0.180581776531897	0.995681809340043	NS or Estimate < 0.25
Transferrin Receptor	No vs Yes	0.234605133847228	0.483087069308568	0.995681809340043	NS or Estimate < 0.25
Podoplanin / gp36	No vs Yes	0.130402322479926	0.77378769881219	0.995681809340043	NS or Estimate < 0.25
iNOS	No vs Yes	0.696267905458094	0.106769891706196	0.995681809340043	NS or Estimate < 0.25
Rb (phospho S807)	No vs Yes	0.330674812774432	0.282617764676741	0.995681809340043	NS or Estimate < 0.25
TRAF6	No vs Yes	0.254518646919952	0.32165910255208	0.995681809340043	NS or Estimate < 0.25
Src	No vs Yes	0.237641363653765	0.493847505121263	0.995681809340043	NS or Estimate < 0.25
Periostin	No vs Yes	-0.143308355798662	0.896408317819206	0.995681809340043	NS or Estimate < 0.25
VEGFD	No vs Yes	0.106181912248979	0.656844781889448	0.995681809340043	NS or Estimate < 0.25
VISTA	No vs Yes	0.17189362958469	0.768356864177941	0.995681809340043	NS or Estimate < 0.25
SDHA	No vs Yes	0.314146319190936	0.334937424364112	0.995681809340043	NS or Estimate < 0.25
PP2A alpha + beta	No vs Yes	-0.0236772890551707	0.960858233827632	0.995681809340043	NS or Estimate < 0.25
STAT1 (phospho S727)	No vs Yes	0.327621779191558	0.727273937435081	0.995681809340043	NS or Estimate < 0.25
Rb (phospho T373)	No vs Yes	0.0376197296818069	0.904254990620119	0.995681809340043	NS or Estimate < 0.25
BRG1	No vs Yes	0.0676456288441909	0.843230171473537	0.995681809340043	NS or Estimate < 0.25
COX2 / Cyclooxygenase 2	No vs Yes	0.0778701413517521	0.602262460853835	0.995681809340043	NS or Estimate < 0.25
PKC beta 1	No vs Yes	0.067400474400827	0.822169790880154	0.995681809340043	NS or Estimate < 0.25
SMAD5	No vs Yes	0.271144379309528	0.44847248876248	0.995681809340043	NS or Estimate < 0.25
SFRP4	No vs Yes	0.0924082363735345	0.920537888278673	0.995681809340043	NS or Estimate < 0.25
ZAP70	No vs Yes	0.243270150974791	0.714137165269715	0.995681809340043	NS or Estimate < 0.25
Smad4	No vs Yes	0.140837760008021	0.605631978251082	0.995681809340043	NS or Estimate < 0.25
ROCK2 + ROCK1	No vs Yes	0.0632673543525986	0.861607276500322	0.995681809340043	NS or Estimate < 0.25
active YAP1	No vs Yes	-0.132916647335156	0.844118757124912	0.995681809340043	NS or Estimate < 0.25
SOD2/MnSOD	No vs Yes	0.180454087666308	0.793754432630193	0.995681809340043	NS or Estimate < 0.25
ROS1	No vs Yes	0.0651113781223069	0.707506584274674	0.995681809340043	NS or Estimate < 0.25
STAT5b	No vs Yes	0.156500862827666	0.872106559359128	0.995681809340043	NS or Estimate < 0.25
Rel B	No vs Yes	0.235336827532711	0.608265798574539	0.995681809340043	NS or Estimate < 0.25
Topoisomerase II alpha (phospho T1343)	No vs Yes	0.510153140505858	0.107460108223695	0.995681809340043	NS or Estimate < 0.25
Met (c-Met) (phospho Y1349)	No vs Yes	0.221872172137181	0.612225980185951	0.995681809340043	NS or Estimate < 0.25
STAT4	No vs Yes	0.201106031004874	0.607748421460829	0.995681809340043	NS or Estimate < 0.25
Topoisomerase II alpha (phospho S1106)	No vs Yes	0.186122470907622	0.460309911395398	0.995681809340043	NS or Estimate < 0.25
Progesterone Receptor (phospho S190)	No vs Yes	0.377851862111298	0.155054714105001	0.995681809340043	NS or Estimate < 0.25
SIRT1 (phospho S47)	No vs Yes	0.250248031497426	0.522032141212157	0.995681809340043	NS or Estimate < 0.25
Tuberin (phospho T1462)	No vs Yes	0.248356905873413	0.184318847824426	0.995681809340043	NS or Estimate < 0.25
Retinoic Acid Receptor beta	No vs Yes	-0.0741088291036455	0.714542015581937	0.995681809340043	NS or Estimate < 0.25
Cyclophilin A	No vs Yes	-0.24075644896545	0.68011073303693	0.995681809340043	NS or Estimate < 0.25
NCAM1	No vs Yes	0.309004504195137	0.182453531334896	0.995681809340043	NS or Estimate < 0.25
MDM2 (phospho S166)	No vs Yes	0.151320147585614	0.682491708592004	0.995681809340043	NS or Estimate < 0.25
Oct-2	No vs Yes	0.270544371910135	0.302594450382421	0.995681809340043	NS or Estimate < 0.25
Rb (phospho T252)	No vs Yes	0.21874472451079	0.465098255967521	0.995681809340043	NS or Estimate < 0.25
Nectin-4	No vs Yes	0.0815223941374328	0.769744713506983	0.995681809340043	NS or Estimate < 0.25
p73	No vs Yes	0.25674310932496	0.330173411956031	0.995681809340043	NS or Estimate < 0.25
uPA Receptor/U-PAR	No vs Yes	0.123501798945168	0.769394680069585	0.995681809340043	NS or Estimate < 0.25
GITR	No vs Yes	0.594173181831177	0.12333923355734	0.995681809340043	NS or Estimate < 0.25
Glucose Transporter GLUT1	No vs Yes	-0.629635310868351	0.374133030708202	0.995681809340043	NS or Estimate < 0.25
PDGF B	No vs Yes	0.484014092833964	0.441510992164273	0.995681809340043	NS or Estimate < 0.25
NCR1	No vs Yes	0.353951843772312	0.159035807293099	0.995681809340043	NS or Estimate < 0.25
Mannose Receptor	No vs Yes	0.499701596393838	0.433454388121715	0.995681809340043	NS or Estimate < 0.25
TLR8	No vs Yes	0.259387508818191	0.38935803609164	0.995681809340043	NS or Estimate < 0.25
STAT6 (phospho Y641)	No vs Yes	0.381382132832514	0.0764201502302697	0.995681809340043	NS or Estimate < 0.25
CD134 / OX40L receptor	No vs Yes	0.244448375031922	0.436348973525413	0.995681809340043	NS or Estimate < 0.25
Poliovirus Receptor/PVR	No vs Yes	0.203032673244921	0.490849000664788	0.995681809340043	NS or Estimate < 0.25
UBE2C	No vs Yes	0.1927162061996	0.422883506676368	0.995681809340043	NS or Estimate < 0.25
p40 - DeltaNp63	No vs Yes	0.211583032869655	0.399250670458366	0.995681809340043	NS or Estimate < 0.25
FAK	No vs Yes	1.3091652165933	0.136872141922584	0.995681809340043	NS or Estimate < 0.25
MelanA	No vs Yes	0.188180302924612	0.436067638946654	0.995681809340043	NS or Estimate < 0.25
MMP14	No vs Yes	0.0796826415273564	0.778422221012639	0.995681809340043	NS or Estimate < 0.25
MMP1	No vs Yes	0.18037987708376	0.372327641827362	0.995681809340043	NS or Estimate < 0.25
MRP8	No vs Yes	2.0901498004809	0.0752522627463071	0.995681809340043	NS or Estimate < 0.25
Somatostatin Receptor 2	No vs Yes	0.309092422059592	0.219555315833738	0.995681809340043	NS or Estimate < 0.25
MMP7	No vs Yes	0.255774025611964	0.368737733044415	0.995681809340043	NS or Estimate < 0.25
Cleaved PARP1	No vs Yes	0.109921630231706	0.636609546767567	0.995681809340043	NS or Estimate < 0.25
TROP2	No vs Yes	0.196227913666111	0.765783294754907	0.995681809340043	NS or Estimate < 0.25
S100A12/CGRP	No vs Yes	0.709655962888204	0.132459757030797	0.995681809340043	NS or Estimate < 0.25
MS4A2	No vs Yes	0.318887570364047	0.30531070869056	0.995681809340043	NS or Estimate < 0.25
SOCS3	No vs Yes	0.325159063100237	0.25451638275814	0.995681809340043	NS or Estimate < 0.25
Smad2 (phospho S467)	No vs Yes	0.289714947736786	0.506926245954106	0.995681809340043	NS or Estimate < 0.25
eNOS	No vs Yes	0.228606018719903	0.543065626317862	0.995681809340043	NS or Estimate < 0.25
TMS1/ASC	No vs Yes	0.554248169340517	0.532128067984818	0.995681809340043	NS or Estimate < 0.25
CD133	No vs Yes	0.507314175063744	0.269777458558392	0.995681809340043	NS or Estimate < 0.25
MX1	No vs Yes	0.123879935708047	0.904803551279226	0.995681809340043	NS or Estimate < 0.25
S100A8 + S100A9	No vs Yes	1.45898008807223	0.0467935457368693	0.995681809340043	P < 0.05
Wee1	No vs Yes	0.254152661229447	0.429392949957507	0.995681809340043	NS or Estimate < 0.25
PTCH2	No vs Yes	0.187074957693411	0.623109237099783	0.995681809340043	NS or Estimate < 0.25
PTGES2/Gbf1	No vs Yes	0.416927413867256	0.149256218993358	0.995681809340043	NS or Estimate < 0.25
TRAF1	No vs Yes	0.269160783108549	0.551683673520778	0.995681809340043	NS or Estimate < 0.25
Syk (phospho Y352) +ZAP70 (phospho Y319)	No vs Yes	0.298199474866528	0.0038490632830173	0.446491340830007	P < 0.05
NSD3	No vs Yes	0.268241587882149	0.460723327749875	0.995681809340043	NS or Estimate < 0.25
SHP2	No vs Yes	0.25965286088911	0.304259122518853	0.995681809340043	NS or Estimate < 0.25
PU.1/Spi1	No vs Yes	0.395400222966752	0.165365692046366	0.995681809340043	NS or Estimate < 0.25
PI 3 Kinase catalytic subunit gamma/PI3K-gamma	No vs Yes	0.298072601617845	0.388246173700407	0.995681809340043	NS or Estimate < 0.25
SLC7A5/LAT1	No vs Yes	0.616305127102513	0.0930022345630872	0.995681809340043	NS or Estimate < 0.25
TNF alpha	No vs Yes	0.270897576744845	0.268666196110593	0.995681809340043	NS or Estimate < 0.25
T-bet / Tbx21	No vs Yes	0.322344270904645	0.217456644736981	0.995681809340043	NS or Estimate < 0.25
TAP2	No vs Yes	0.839903045652471	0.493082204849257	0.995681809340043	NS or Estimate < 0.25
SIGLEC5	No vs Yes	0.264522668508856	0.376746928655299	0.995681809340043	NS or Estimate < 0.25
PRDM1/Blimp1	No vs Yes	0.250353716268382	0.000840569321935507	0.121882551680649	P < 0.05
SIRT1	No vs Yes	0.24584567340276	0.369580369372277	0.995681809340043	NS or Estimate < 0.25
Glucocorticoid Receptor (phospho S226)	No vs Yes	0.372343826164518	0.275384276170331	0.995681809340043	NS or Estimate < 0.25
Urokinase	No vs Yes	0.37665980859479	0.235696366590467	0.995681809340043	NS or Estimate < 0.25
PI 3 Kinase p85 alpha	No vs Yes	0.414992430549255	0.1271634198091	0.995681809340043	NS or Estimate < 0.25
AKT1 (phospho S473)	No vs Yes	0.23536038393266	0.422730555217171	0.995681809340043	NS or Estimate < 0.25
STAT5 (phospho Y694)	No vs Yes	0.45744454466764	0.28476741874753	0.995681809340043	NS or Estimate < 0.25
Oct4	No vs Yes	0.342051389235982	0.19075289201032	0.995681809340043	NS or Estimate < 0.25
APG5L/ATG5	No vs Yes	0.188010646623495	0.336319393067162	0.995681809340043	NS or Estimate < 0.25
ErbB2 / HER2 (phospho Y877)	No vs Yes	0.202373003130577	0.485054917054163	0.995681809340043	NS or Estimate < 0.25
Histone H3 (phospho S10)	No vs Yes	1.100751404331	0.075242877871967	0.995681809340043	NS or Estimate < 0.25
CD79b	No vs Yes	0.339570404854404	0.421099151599414	0.995681809340043	NS or Estimate < 0.25
SHP1	No vs Yes	0.278035335733548	0.0439700689388336	0.995681809340043	P < 0.05
Hsp27	No vs Yes	-0.16385833171166	0.816204132955977	0.995681809340043	NS or Estimate < 0.25
HLA F	No vs Yes	0.142464618309216	0.428003796570822	0.995681809340043	NS or Estimate < 0.25
FOXO4/AFX	No vs Yes	0.238863039790036	0.289701254413403	0.995681809340043	NS or Estimate < 0.25
CDK1	No vs Yes	0.596921117192916	0.254308448552394	0.995681809340043	NS or Estimate < 0.25
PCNA	No vs Yes	-0.163868373994617	0.809001105120183	0.995681809340043	NS or Estimate < 0.25
LDL Receptor	No vs Yes	-0.0149034885481886	0.972796543422647	0.995681809340043	NS or Estimate < 0.25
RPS6 (phospho S235 + S236)	No vs Yes	0.522433920207165	0.324587447363367	0.995681809340043	NS or Estimate < 0.25
TLR9	No vs Yes	0.234220087684588	0.387441935438071	0.995681809340043	NS or Estimate < 0.25
NFAT2	No vs Yes	0.600039339580533	0.416473896291044	0.995681809340043	NS or Estimate < 0.25
NFkB p105 / p50	No vs Yes	0.292022389094745	0.765181761413923	0.995681809340043	NS or Estimate < 0.25
p53 (phospho S392)	No vs Yes	0.642205929735278	0.0896741914687331	0.995681809340043	NS or Estimate < 0.25
Chk1	No vs Yes	0.120806484524276	0.613001070174771	0.995681809340043	NS or Estimate < 0.25
Cyclin E1	No vs Yes	0.32084871248222	0.405141434979581	0.995681809340043	NS or Estimate < 0.25
JunD	No vs Yes	0.149963577173671	0.773664381537317	0.995681809340043	NS or Estimate < 0.25
CREBBP	No vs Yes	0.0259894027991663	0.959499557482379	0.995681809340043	NS or Estimate < 0.25
ERK1	No vs Yes	0.258652869759119	0.638017089704065	0.995681809340043	NS or Estimate < 0.25
Histone H2A (phospho T120)	No vs Yes	0.37601513767549	0.342453351178989	0.995681809340043	NS or Estimate < 0.25
NQO1	No vs Yes	0.578281012359474	0.379925038534838	0.995681809340043	NS or Estimate < 0.25
PARP1	No vs Yes	0.255752694311279	0.473562931261451	0.995681809340043	NS or Estimate < 0.25
Thymidylate Synthase	No vs Yes	0.284825248256126	0.416124318570008	0.995681809340043	NS or Estimate < 0.25
ALK	No vs Yes	0.0625742215299966	0.785301536918634	0.995681809340043	NS or Estimate < 0.25
Insulin Receptor beta	No vs Yes	0.480749216416165	0.192211785242804	0.995681809340043	NS or Estimate < 0.25
TNFAIP3	No vs Yes	0.38751946370747	0.308616594812873	0.995681809340043	NS or Estimate < 0.25
Rb (phospho T356)	No vs Yes	0.165032119045608	0.510617412492629	0.995681809340043	NS or Estimate < 0.25
TRAF2	No vs Yes	0.0106054433560802	0.972637274341487	0.995681809340043	NS or Estimate < 0.25
ERK2	No vs Yes	0.284554141776614	0.696359552837734	0.995681809340043	NS or Estimate < 0.25
RAGE	No vs Yes	0.141153287404925	0.517209557992816	0.995681809340043	NS or Estimate < 0.25
Histone H3 (acetyl K18)	No vs Yes	0.699574649485431	0.100330946277119	0.995681809340043	NS or Estimate < 0.25
Cathepsin G	No vs Yes	0.369576102062366	0.619521292436599	0.995681809340043	NS or Estimate < 0.25
CD73	No vs Yes	0.192735834377413	0.631516521758847	0.995681809340043	NS or Estimate < 0.25
beta Actin	No vs Yes	0.351764469474636	0.419668356459413	0.995681809340043	NS or Estimate < 0.25
MMP8	No vs Yes	0.263312523616373	0.263424912915525	0.995681809340043	NS or Estimate < 0.25
YKL-40/CHI3L1	No vs Yes	0.225970794034639	0.321715387395799	0.995681809340043	NS or Estimate < 0.25
IL-2RG	No vs Yes	0.191356639112797	0.599104555189877	0.995681809340043	NS or Estimate < 0.25
Tuberin	No vs Yes	1.01444070413132	0.196508006241697	0.995681809340043	NS or Estimate < 0.25
SFRP1	No vs Yes	0.104501224863507	0.745554091515652	0.995681809340043	NS or Estimate < 0.25
GGT1/GGT	No vs Yes	0.333271881421901	0.293998390715266	0.995681809340043	NS or Estimate < 0.25
IDH1	No vs Yes	0.370412641434083	0.390276127722333	0.995681809340043	NS or Estimate < 0.25
BRCA1	No vs Yes	0.23692851295328	0.434101491762611	0.995681809340043	NS or Estimate < 0.25
p53	No vs Yes	0.221491170207512	0.386294003604193	0.995681809340043	NS or Estimate < 0.25
CD44	No vs Yes	0.363352178122656	0.475491384590945	0.995681809340043	NS or Estimate < 0.25
Bak	No vs Yes	0.663716901154752	0.404466276941904	0.995681809340043	NS or Estimate < 0.25
EGFR	No vs Yes	0.39102920186429	0.298055591156765	0.995681809340043	NS or Estimate < 0.25
CD14	No vs Yes	0.393308658015503	0.342035762799418	0.995681809340043	NS or Estimate < 0.25
Bcl6	No vs Yes	0.0958488160741775	0.669519192707189	0.995681809340043	NS or Estimate < 0.25
Dihydrofolate reductase (DHFR)	No vs Yes	0.714736245304143	0.232777450699008	0.995681809340043	NS or Estimate < 0.25
PRAS40	No vs Yes	0.165177905697958	0.51345275479247	0.995681809340043	NS or Estimate < 0.25
CD3 epsilon	No vs Yes	0.18596239741481	0.748510484434612	0.995681809340043	NS or Estimate < 0.25
FBP2	No vs Yes	0.0997350168725232	0.602492328766706	0.995681809340043	NS or Estimate < 0.25
Integrin beta 1	No vs Yes	-0.0540083611952237	0.864491102856136	0.995681809340043	NS or Estimate < 0.25
HMGB1	No vs Yes	0.366210523527055	0.568637135739426	0.995681809340043	NS or Estimate < 0.25
NKG2A + NKG2E + NKG2C	No vs Yes	0.118024762048114	0.673510101455192	0.995681809340043	NS or Estimate < 0.25
KIR2DL3	No vs Yes	-0.0129382093458606	0.969593493125578	0.995681809340043	NS or Estimate < 0.25
TIM 3	No vs Yes	0.389648428604654	0.193865215738086	0.995681809340043	NS or Estimate < 0.25
HuR / ELAVL1	No vs Yes	0.296465188572055	0.434263754703667	0.995681809340043	NS or Estimate < 0.25
ERK1 (phospho T202 + Y204) + ERK2 (phospho T185 + Y187)	No vs Yes	0.117374354434377	0.841973657907509	0.995681809340043	NS or Estimate < 0.25
IL-18	No vs Yes	0.135721776729634	0.665949107169081	0.995681809340043	NS or Estimate < 0.25
CD28	No vs Yes	0.10207167137768	0.651796451624855	0.995681809340043	NS or Estimate < 0.25
CCR6	No vs Yes	0.738418645364176	0.167172819340785	0.995681809340043	NS or Estimate < 0.25
KMT6/EZH2 (phospho T487)	No vs Yes	0.150500771946542	0.76949842478547	0.995681809340043	NS or Estimate < 0.25
CD103	No vs Yes	0.158030939798471	0.50418186007516	0.995681809340043	NS or Estimate < 0.25
ICAM1	No vs Yes	0.151802976720957	0.574873492231038	0.995681809340043	NS or Estimate < 0.25
CD83	No vs Yes	0.106335168028676	0.663388333957463	0.995681809340043	NS or Estimate < 0.25
APC	No vs Yes	0.074047141148073	0.785035509623984	0.995681809340043	NS or Estimate < 0.25
Adenosine Receptor A2a	No vs Yes	0.28002243634896	0.43147322795334	0.995681809340043	NS or Estimate < 0.25
Rb (phospho S608)	No vs Yes	0.273640187990866	0.430413037160634	0.995681809340043	NS or Estimate < 0.25
PRAME	No vs Yes	0.102068014703313	0.682731910177416	0.995681809340043	NS or Estimate < 0.25
GNLY/Granulysin	No vs Yes	0.0877955380032085	0.740528930236508	0.995681809340043	NS or Estimate < 0.25
STAT3	No vs Yes	0.249243296782205	0.488256550253555	0.995681809340043	NS or Estimate < 0.25
Syk	No vs Yes	0.224823360732634	0.475383398906982	0.995681809340043	NS or Estimate < 0.25
Melanoma gp100	No vs Yes	0.146495329498289	0.531714348797698	0.995681809340043	NS or Estimate < 0.25
S100A9	No vs Yes	0.875995695392534	0.222542097370038	0.995681809340043	NS or Estimate < 0.25
VCAM1	No vs Yes	0.365781427842481	0.284378599346526	0.995681809340043	NS or Estimate < 0.25
Met (c-Met)	No vs Yes	-0.0259331543492836	0.944723570942656	0.995681809340043	NS or Estimate < 0.25
Scavenging Receptor SR-BI	No vs Yes	0.0661429105447743	0.815518731489106	0.995681809340043	NS or Estimate < 0.25
PD-L2	No vs Yes	0.0278678824495693	0.90638577312387	0.995681809340043	NS or Estimate < 0.25
PAK1	No vs Yes	0.144066690666105	0.666837397053866	0.995681809340043	NS or Estimate < 0.25
Wee1 (phospho S642)	No vs Yes	0.107496872750607	0.682400818979787	0.995681809340043	NS or Estimate < 0.25
S100A4	No vs Yes	0.28470672490421	0.636386671548201	0.995681809340043	NS or Estimate < 0.25
CD63	No vs Yes	0.150351919332414	0.774268948471277	0.995681809340043	NS or Estimate < 0.25
MSH6	No vs Yes	0.0241823519431785	0.957204661410387	0.995681809340043	NS or Estimate < 0.25
Rb (phospho T780)	No vs Yes	0.0846672738170865	0.844274410211992	0.995681809340043	NS or Estimate < 0.25
Tuberin (phospho S1254)	No vs Yes	0.558561917552982	0.292292752362278	0.995681809340043	NS or Estimate < 0.25
CD40	No vs Yes	0.501443024648304	0.362496292652207	0.995681809340043	NS or Estimate < 0.25
CD177	No vs Yes	0.130326837860415	0.632088099377284	0.995681809340043	NS or Estimate < 0.25
AKT3 + AKT2 + AKT1	No vs Yes	0.19594097861835	0.680692672638818	0.995681809340043	NS or Estimate < 0.25
CXCR5	No vs Yes	0.261338038401047	0.388326712907385	0.995681809340043	NS or Estimate < 0.25
Bid	No vs Yes	0.233823186235849	0.515680442426773	0.995681809340043	NS or Estimate < 0.25
PF4	No vs Yes	0.267506754478879	0.26671032183841	0.995681809340043	NS or Estimate < 0.25
Sumo 1	No vs Yes	0.098628476418042	0.770691785926078	0.995681809340043	NS or Estimate < 0.25
PLCG 2	No vs Yes	0.2748875118904	0.426791746858321	0.995681809340043	NS or Estimate < 0.25
STAT3 (phospho Y705)	No vs Yes	0.264589118884557	0.420569076027389	0.995681809340043	NS or Estimate < 0.25
Cyclin D1	No vs Yes	0.130684242767656	0.612443201308563	0.995681809340043	NS or Estimate < 0.25
p27 KIP 1	No vs Yes	0.440016207699439	0.526162566929603	0.995681809340043	NS or Estimate < 0.25
IL-2 Receptor alpha	No vs Yes	0.0842512181208461	0.716002194497013	0.995681809340043	NS or Estimate < 0.25
DUSP6	No vs Yes	0.0693464822952364	0.744134829178207	0.995681809340043	NS or Estimate < 0.25
Catalase	No vs Yes	0.588721944608888	0.283670376673809	0.995681809340043	NS or Estimate < 0.25
Interferon gamma	No vs Yes	0.130090699552434	0.506381836351237	0.995681809340043	NS or Estimate < 0.25
IKK alpha	No vs Yes	0.281775723710255	0.49565077977424	0.995681809340043	NS or Estimate < 0.25
LAG-3	No vs Yes	0.533885582452509	0.0889721956037862	0.995681809340043	NS or Estimate < 0.25
LEF1	No vs Yes	0.044100252031434	0.885792341604842	0.995681809340043	NS or Estimate < 0.25
CREB	No vs Yes	0.170717450633042	0.679711259787509	0.995681809340043	NS or Estimate < 0.25
CD11a	No vs Yes	0.164495214407236	0.631424468992328	0.995681809340043	NS or Estimate < 0.25
Glucose 6 Phosphate Dehydrogenase	No vs Yes	-0.118665554137492	0.783619076533726	0.995681809340043	NS or Estimate < 0.25
CD94	No vs Yes	0.17171895640435	0.465390962657682	0.995681809340043	NS or Estimate < 0.25
HMGB2	No vs Yes	0.432969072221022	0.417844553992791	0.995681809340043	NS or Estimate < 0.25
IKK beta	No vs Yes	0.147845514593569	0.531483236671419	0.995681809340043	NS or Estimate < 0.25
HLA-DR	No vs Yes	1.52984576060802	0.0559637148761715	0.995681809340043	NS or Estimate < 0.25
c-Kit	No vs Yes	0.131895358096034	0.638110928151607	0.995681809340043	NS or Estimate < 0.25
LC3B	No vs Yes	0.0339277280889755	0.906897089298556	0.995681809340043	NS or Estimate < 0.25
c-Jun (phospho S63)	No vs Yes	0.0582480799244495	0.801072430395099	0.995681809340043	NS or Estimate < 0.25
JAK3	No vs Yes	0.06970437897966	0.726870982373005	0.995681809340043	NS or Estimate < 0.25
ETS1	No vs Yes	0.215287750340383	0.435498919586149	0.995681809340043	NS or Estimate < 0.25
Histone H3 (di methyl K4)	No vs Yes	0.46363136454261	0.375022048617866	0.995681809340043	NS or Estimate < 0.25
HIF-1 alpha	No vs Yes	0.661120775449332	8.253907865883e-07	0.000478726656221214	FDR < 0.001
HLA A	No vs Yes	0.949631871103107	0.318350119445311	0.995681809340043	NS or Estimate < 0.25
Fatty Acid Synthase	No vs Yes	-0.189037672475997	0.797741949615286	0.995681809340043	NS or Estimate < 0.25
p38 beta/MAPK11 + p38 alpha/MAPK14	No vs Yes	0.0995201675011666	0.605133137854225	0.995681809340043	NS or Estimate < 0.25
FADD	No vs Yes	0.109765323988696	0.703830768661079	0.995681809340043	NS or Estimate < 0.25
Integrin alpha 5	No vs Yes	-0.203460204946053	0.700968418224624	0.995681809340043	NS or Estimate < 0.25
Fos B	No vs Yes	0.0683568000224789	0.804561499392752	0.995681809340043	NS or Estimate < 0.25
CD11b	No vs Yes	0.155982797431567	0.466742847042306	0.995681809340043	NS or Estimate < 0.25
HDAC6	No vs Yes	0.361978567072862	0.401351219949293	0.995681809340043	NS or Estimate < 0.25
CD11c	No vs Yes	0.370244030017686	0.251995943908924	0.995681809340043	NS or Estimate < 0.25
TAK1	No vs Yes	0.189911324205689	0.380539964522841	0.995681809340043	NS or Estimate < 0.25
Hexokinase II	No vs Yes	0.009381669069421	0.956233400665718	0.995681809340043	NS or Estimate < 0.25
Histone H3 (tri methyl K9)	No vs Yes	1.05943085673488	0.0194077778804855	0.995681809340043	P < 0.05
Histone H3 (mono methyl K4)	No vs Yes	0.826499208077273	0.0326598162028711	0.995681809340043	P < 0.05
Cytokeratin 17	No vs Yes	0.158599522212648	0.42497160799528	0.995681809340043	NS or Estimate < 0.25
Dnmt1	No vs Yes	0.0980732934063509	0.69119255631583	0.995681809340043	NS or Estimate < 0.25
VEGF Receptor 1	No vs Yes	-0.280652343013397	0.538373537577112	0.995681809340043	NS or Estimate < 0.25
p27 KIP 1 (phospho S10)	No vs Yes	0.184125362820432	0.609209771511417	0.995681809340043	NS or Estimate < 0.25
ERK1 (phospho T202) + ERK2 (phospho T185)	No vs Yes	0.0857772398308731	0.679682280578361	0.995681809340043	NS or Estimate < 0.25
Smac/Diablo	No vs Yes	0.208234178853765	0.601772430016524	0.995681809340043	NS or Estimate < 0.25
Cytokeratin 14	No vs Yes	0.0832046487372666	0.707348782160452	0.995681809340043	NS or Estimate < 0.25
Cdk4	No vs Yes	0.219815235239524	0.481395290713254	0.995681809340043	NS or Estimate < 0.25
Cytokeratin 8	No vs Yes	-0.278197776656489	0.655043337821925	0.995681809340043	NS or Estimate < 0.25
Histone H3 (tri methyl K27)	No vs Yes	0.0410223535075109	0.841920765960793	0.995681809340043	NS or Estimate < 0.25
Lck	No vs Yes	0.169896962089286	0.718808395582879	0.995681809340043	NS or Estimate < 0.25
MEK2	No vs Yes	0.192694187084996	0.758251465854047	0.995681809340043	NS or Estimate < 0.25
MEK1	No vs Yes	0.0397259889538179	0.938510611380643	0.995681809340043	NS or Estimate < 0.25
Cytokeratin 19	No vs Yes	-0.344973773810912	0.69648765744839	0.995681809340043	NS or Estimate < 0.25
HDAC2	No vs Yes	0.0493686326531123	0.941946026448348	0.995681809340043	NS or Estimate < 0.25
GLP-1	No vs Yes	0.011577376423488	0.95576892632618	0.995681809340043	NS or Estimate < 0.25
IGF2BP1/IMP1	No vs Yes	0.120623578274905	0.598480255458225	0.995681809340043	NS or Estimate < 0.25
Hexokinase 1	No vs Yes	0.174845827742082	0.693512790656959	0.995681809340043	NS or Estimate < 0.25
MEKK3	No vs Yes	0.178608912535	0.481313402853198	0.995681809340043	NS or Estimate < 0.25
Histone H3 (acetyl K14)	No vs Yes	0.935802575249391	0.079809495375658	0.995681809340043	NS or Estimate < 0.25
IRF3	No vs Yes	0.265105297608939	0.680055583294325	0.995681809340043	NS or Estimate < 0.25
HDAC1	No vs Yes	0.148077724418357	0.521720402068347	0.995681809340043	NS or Estimate < 0.25
GSK3 beta (phospho S9)	No vs Yes	0.052178971520698	0.819772495630899	0.995681809340043	NS or Estimate < 0.25
GRP78 BiP	No vs Yes	0.109286879288926	0.601808927184778	0.995681809340043	NS or Estimate < 0.25
IDH2	No vs Yes	-0.0951164264253115	0.88730511234607	0.995681809340043	NS or Estimate < 0.25
M-CSF	No vs Yes	0.055119519150759	0.885593068759949	0.995681809340043	NS or Estimate < 0.25
Cyclin E2	No vs Yes	0.103827708537803	0.621610397395592	0.995681809340043	NS or Estimate < 0.25
c-Maf	No vs Yes	0.120486423012862	0.549055466459468	0.995681809340043	NS or Estimate < 0.25
Cullin 1/CUL-1	No vs Yes	0.0496912099206724	0.852424559594577	0.995681809340043	NS or Estimate < 0.25
IL-12A	No vs Yes	0.150468542186996	0.602033142822404	0.995681809340043	NS or Estimate < 0.25
Heme Oxygenase 1	No vs Yes	0.391536465067278	0.494861881792224	0.995681809340043	NS or Estimate < 0.25
PSMA	No vs Yes	0.12035098759858	0.847846305792104	0.995681809340043	NS or Estimate < 0.25
IKK gamma/NEMO	No vs Yes	-0.072109656331539	0.794014350066953	0.995681809340043	NS or Estimate < 0.25
CPT1A	No vs Yes	0.11058516903452	0.693047632256286	0.995681809340043	NS or Estimate < 0.25
Cdk6	No vs Yes	0.694740525666596	0.154726136483813	0.995681809340043	NS or Estimate < 0.25
Histone H3 (acetyl K9)	No vs Yes	1.17355718812501	0.100924411897414	0.995681809340043	NS or Estimate < 0.25
MEK1 (phospho S298)	No vs Yes	0.326207351225427	0.250938413887314	0.995681809340043	NS or Estimate < 0.25
JNK1 + JNK2 + JNK3 (phospho T183+T183+T221)	No vs Yes	0.218926095942885	0.348289054325426	0.995681809340043	NS or Estimate < 0.25
IFNGR1	No vs Yes	0.363984181975223	0.136915797962666	0.995681809340043	NS or Estimate < 0.25
IRF5	No vs Yes	0.0766671848663229	0.729087299591383	0.995681809340043	NS or Estimate < 0.25
Cytokeratin 5	No vs Yes	-0.224170350625413	0.772766911810989	0.995681809340043	NS or Estimate < 0.25
CD79a	No vs Yes	0.243907482455741	0.398424838564832	0.995681809340043	NS or Estimate < 0.25
Granzyme B	No vs Yes	0.075067897700892	0.766544846259669	0.995681809340043	NS or Estimate < 0.25
ERG	No vs Yes	0.240544725098926	0.532345651040346	0.995681809340043	NS or Estimate < 0.25
ICOS	No vs Yes	0.243072127762589	0.405282298190825	0.995681809340043	NS or Estimate < 0.25
HDAC9	No vs Yes	0.335553979886363	0.4112819917678	0.995681809340043	NS or Estimate < 0.25
Cyclin A2	No vs Yes	0.084536999087668	0.712151000894327	0.995681809340043	NS or Estimate < 0.25
ALDH1A1	No vs Yes	0.279883701647213	0.343351110627044	0.995681809340043	NS or Estimate < 0.25
5 Lipoxygenase/5-LO	No vs Yes	0.0167149625076428	0.963326211007203	0.995681809340043	NS or Estimate < 0.25
ATG12	No vs Yes	0.0446721127981103	0.90907047483686	0.995681809340043	NS or Estimate < 0.25
RSK1 p90 (phospho T359)	No vs Yes	0.13506922009428	0.766248758216748	0.995681809340043	NS or Estimate < 0.25
p38 (phospho T180)	No vs Yes	0.108187267068586	0.818331864559431	0.995681809340043	NS or Estimate < 0.25
beta Arrestin 1	No vs Yes	-0.0162961553916302	0.966631700155518	0.995681809340043	NS or Estimate < 0.25
ATR (phospho S428)	No vs Yes	0.119682049880092	0.710089056225931	0.995681809340043	NS or Estimate < 0.25
ARID3A	No vs Yes	0.297147928442701	0.280736419795322	0.995681809340043	NS or Estimate < 0.25
CREB (phospho S133)	No vs Yes	0.0800621925765218	0.917876552157765	0.995681809340043	NS or Estimate < 0.25
LAMP2A	No vs Yes	0.34618872376743	0.442586215948429	0.995681809340043	NS or Estimate < 0.25
15-PGDH	No vs Yes	-0.245092470895429	0.55891095614793	0.995681809340043	NS or Estimate < 0.25
Smad3 (phospho S423 + S425)	No vs Yes	0.0125906767458702	0.976604641617058	0.995681809340043	NS or Estimate < 0.25
Pro Caspase-8	No vs Yes	0.122388913498467	0.672295365852774	0.995681809340043	NS or Estimate < 0.25
Aurora A	No vs Yes	0.0354230636956353	0.924888290510104	0.995681809340043	NS or Estimate < 0.25
Caspase-10/CASP-10	No vs Yes	0.266638276074421	0.501106199543946	0.995681809340043	NS or Estimate < 0.25
STAT2	No vs Yes	-0.0156901529773843	0.968274998861315	0.995681809340043	NS or Estimate < 0.25
Monoamine Oxidase A/MAO-A	No vs Yes	-0.00478682175380064	0.990531731015871	0.995681809340043	NS or Estimate < 0.25
Von Willebrand Factor	No vs Yes	0.15236406494996	0.738480477999023	0.995681809340043	NS or Estimate < 0.25
YAP1	No vs Yes	0.000806905683450688	0.998993765391763	0.998993765391763	NS or Estimate < 0.25
Vimentin	No vs Yes	0.755006097250743	0.33572372768136	0.995681809340043	NS or Estimate < 0.25
ATM (phospho S1981)	No vs Yes	0.248514521225836	0.582285454840672	0.995681809340043	NS or Estimate < 0.25
Beclin 1	No vs Yes	-0.201626227807541	0.56222751915716	0.995681809340043	NS or Estimate < 0.25
BFL-1/GRS	No vs Yes	-0.0231593055088406	0.954184461573836	0.995681809340043	NS or Estimate < 0.25
CCR5	No vs Yes	0.0503725827571467	0.897258602616897	0.995681809340043	NS or Estimate < 0.25
IRF4	No vs Yes	0.326747169560994	0.386556360049681	0.995681809340043	NS or Estimate < 0.25
HLA G	No vs Yes	0.222930341676979	0.625676452541331	0.995681809340043	NS or Estimate < 0.25
YAP1 (phospho S127)	No vs Yes	-0.0636527413490425	0.890767083989153	0.995681809340043	NS or Estimate < 0.25
Ki67	No vs Yes	0.193104906538044	0.521248520309541	0.995681809340043	NS or Estimate < 0.25
Argonaute-2	No vs Yes	-0.0530559270285478	0.888342651501236	0.995681809340043	NS or Estimate < 0.25
CD272/BTLA	No vs Yes	0.0132388342835259	0.973387521607154	0.995681809340043	NS or Estimate < 0.25
FOXO1A	No vs Yes	-0.071671414368254	0.86372592521417	0.995681809340043	NS or Estimate < 0.25
MEK4/MKK4 (phospho S80)	No vs Yes	0.123196230274842	0.804094898427513	0.995681809340043	NS or Estimate < 0.25
Sonic Hedgehog	No vs Yes	1.07005914626815	0.211043523538872	0.995681809340043	NS or Estimate < 0.25
MyD88	No vs Yes	0.0957185183847082	0.773742383850595	0.995681809340043	NS or Estimate < 0.25
ATM	No vs Yes	0.221367211589122	0.480324455460787	0.995681809340043	NS or Estimate < 0.25
Caspase-3 p12	No vs Yes	-0.0360510785997194	0.894954288278067	0.995681809340043	NS or Estimate < 0.25
ATF3	No vs Yes	-0.0483805531719634	0.900630142599213	0.995681809340043	NS or Estimate < 0.25
gamma H2A.X (phospho S139)	No vs Yes	0.051787483862019	0.903337129993793	0.995681809340043	NS or Estimate < 0.25
Integrin alpha 6	No vs Yes	-0.0671778028008768	0.864990741491512	0.995681809340043	NS or Estimate < 0.25
Cytokeratin 8 (phospho S431)	No vs Yes	-0.520109604503021	0.331071807138077	0.995681809340043	NS or Estimate < 0.25
mTOR (phospho S2448)	No vs Yes	0.0462217902697315	0.907022379686282	0.995681809340043	NS or Estimate < 0.25
PD1	No vs Yes	-0.0106756780486754	0.978070978433409	0.995681809340043	NS or Estimate < 0.25
Bax	No vs Yes	0.287854230673223	0.486189391921733	0.995681809340043	NS or Estimate < 0.25
cIAP2	No vs Yes	-0.147370858004438	0.552017297332059	0.995681809340043	NS or Estimate < 0.25
EMR1/ADGRE1	No vs Yes	-0.0254088117084707	0.946215463712163	0.995681809340043	NS or Estimate < 0.25
Lactate Dehydrogenase	No vs Yes	-0.213817521164853	0.640172658230411	0.995681809340043	NS or Estimate < 0.25
CSF-1-R	No vs Yes	0.00734536899906364	0.989426627870618	0.995681809340043	NS or Estimate < 0.25
Topoisomerase II alpha	No vs Yes	0.237785583984034	0.523870742099532	0.995681809340043	NS or Estimate < 0.25
S6K1	No vs Yes	0.128592042038899	0.773073547979416	0.995681809340043	NS or Estimate < 0.25
ARID1A	No vs Yes	0.0140363812272356	0.974268892572688	0.995681809340043	NS or Estimate < 0.25
Androgen Receptor	No vs Yes	-0.341143348657714	0.512612044384765	0.995681809340043	NS or Estimate < 0.25
Glutathione Peroxidase 4	No vs Yes	0.0924267383924575	0.827121338996717	0.995681809340043	NS or Estimate < 0.25
Caveolin-1	No vs Yes	-0.0169572050337636	0.981579781799806	0.995681809340043	NS or Estimate < 0.25
Smad2	No vs Yes	0.0654883617982931	0.867565801032824	0.995681809340043	NS or Estimate < 0.25
CD90 / Thy1	No vs Yes	0.31603655460611	0.59473801380158	0.995681809340043	NS or Estimate < 0.25
MMP9	No vs Yes	0.00128956960486019	0.996055714099654	0.998993765391763	NS or Estimate < 0.25
AIF	No vs Yes	0.0923147685239473	0.805596430558296	0.995681809340043	NS or Estimate < 0.25
ACE2	No vs Yes	-0.196798987456009	0.733675716764317	0.995681809340043	NS or Estimate < 0.25
Aldolase	No vs Yes	-0.0200197410135064	0.958765116410452	0.995681809340043	NS or Estimate < 0.25
S100P	No vs Yes	0.0856764232172662	0.657034173555504	0.995681809340043	NS or Estimate < 0.25
Hsp90	No vs Yes	0.204332863679887	0.452203897900068	0.995681809340043	NS or Estimate < 0.25
Smad3	No vs Yes	-0.00949966595476139	0.978438308964787	0.995681809340043	NS or Estimate < 0.25
IKB alpha	No vs Yes	0.00853016499070697	0.98273430880362	0.995681809340043	NS or Estimate < 0.25
Progesterone Receptor	No vs Yes	-0.0841723134851988	0.830728567846272	0.995681809340043	NS or Estimate < 0.25
alpha smooth muscle Actin	No vs Yes	-0.374191869646753	0.719932023920058	0.995681809340043	NS or Estimate < 0.25
15 Lipoxygenase 1	No vs Yes	-0.043449658383617	0.889976862870912	0.995681809340043	NS or Estimate < 0.25
ATG7	No vs Yes	0.52515073439438	0.299425541231063	0.995681809340043	NS or Estimate < 0.25
C5 / C5b	No vs Yes	-0.0518661097716393	0.894351953019893	0.995681809340043	NS or Estimate < 0.25
Lamin A + Lamin B1 + Lamin C	No vs Yes	0.316486477191523	0.591265353744113	0.995681809340043	NS or Estimate < 0.25
Syk (phospho Y323)	No vs Yes	0.059643244951485	0.865712035058574	0.995681809340043	NS or Estimate < 0.25
PTEN (phospho T366)	No vs Yes	-0.00114901811840673	0.997672707139982	0.998993765391763	NS or Estimate < 0.25
BTK	No vs Yes	0.164615698142085	0.594584471351801	0.995681809340043	NS or Estimate < 0.25
Brd4	No vs Yes	0.128928013947851	0.882238741095471	0.995681809340043	NS or Estimate < 0.25
CD22	No vs Yes	-0.0269131840819022	0.935788063917293	0.995681809340043	NS or Estimate < 0.25
VEGFA	No vs Yes	-0.0640334659743331	0.890837812353444	0.995681809340043	NS or Estimate < 0.25
IL-33	No vs Yes	0.0496397325007242	0.889869584828708	0.995681809340043	NS or Estimate < 0.25
Cdk2	No vs Yes	-0.0255301536123159	0.950767895720494	0.995681809340043	NS or Estimate < 0.25
NAK/TBK1	No vs Yes	0.243110081491553	0.50995502460546	0.995681809340043	NS or Estimate < 0.25
ATF2	No vs Yes	0.051793549012232	0.890500104086358	0.995681809340043	NS or Estimate < 0.25
ErbB3 / HER3	No vs Yes	-0.0960576824951551	0.809662166274395	0.995681809340043	NS or Estimate < 0.25
SMAD1 + SMAD5 + SMAD9 (phospho S463 + S465 + S467)	No vs Yes	0.196272926262448	0.70265546770673	0.995681809340043	NS or Estimate < 0.25
Pan Trk	No vs Yes	0.0692665999939474	0.850768069717828	0.995681809340043	NS or Estimate < 0.25
Axl	No vs Yes	-0.204773669989923	0.65170911634831	0.995681809340043	NS or Estimate < 0.25
c-Myc	No vs Yes	0.0249439693630773	0.934044769369143	0.995681809340043	NS or Estimate < 0.25
NF-kB p65	No vs Yes	0.0988266740541058	0.862053153235746	0.995681809340043	NS or Estimate < 0.25
Calreticulin	No vs Yes	0.176863254909626	0.717305989861963	0.995681809340043	NS or Estimate < 0.25
Histone H3	No vs Yes	0.603174793312937	0.0410773125102011	0.995681809340043	P < 0.05
RPS6	No vs Yes	0.389314723987375	0.093077024083988	0.995681809340043	NS or Estimate < 0.25
TOMM20	No vs Yes	0.138306694973055	0.808433574214589	0.995681809340043	NS or Estimate < 0.25
GAPDH	No vs Yes	-0.390586862543004	0.399511108006166	0.995681809340043	NS or Estimate < 0.25
Hmr IgG	No vs Yes	-0.164765221794583	0.684580217865715	0.995681809340043	NS or Estimate < 0.25
Ms IgG2b	No vs Yes	0.0757157385107088	0.289020580263113	0.995681809340043	NS or Estimate < 0.25
Rb IgG	No vs Yes	0.0958007890762428	0.619189904645501	0.995681809340043	NS or Estimate < 0.25
Rt IgG2a	No vs Yes	0.0695418098499683	0.675498130549448	0.995681809340043	NS or Estimate < 0.25
Ms IgG1	No vs Yes	-0.0476654694425684	0.737225498352042	0.995681809340043	NS or Estimate < 0.25
